sample_name,uploader,upload_date,overall_job_status,runtime_seconds,total_reads,nonhost_reads,nonhost_reads_percent,total_ercc_reads,subsampled_fraction,quality_control,compression_ratio,reads_after_star,reads_after_trimmomatic,reads_after_priceseq,reads_after_cdhitdup,sample_type,nucleotide_type,collection_location,host_genome,notes
RR034H_001_PLMaR1_S1,Vida Ahyong,2019-07-28 18:45:52 -0700,COMPLETE,2596.0,3434920,6906,0.201,3291650,1.0,46.082,4.74,130980,130656,60358,12732,plasma,RNA,"Fianarantsoa, Madagascar",Human,""
RR034H_002_WBaR1_S2,Vida Ahyong,2019-07-28 18:45:52 -0700,COMPLETE,2461.0,2219148,3802,0.171,580878,1.0,52.151,1.33,70890,69804,36970,27750,whole blood,RNA,"Fianarantsoa, Madagascar",Human,""
RR034H_003_WBaR1_S3,Vida Ahyong,2019-07-28 18:45:52 -0700,COMPLETE,2623.0,1901538,2490,0.131,479724,1.0,56.856,1.21,70550,68592,40112,33062,whole blood,RNA,"Fianarantsoa, Madagascar",Human,""
RR034H_004_WBaR1_S4,Vida Ahyong,2019-07-28 18:45:52 -0700,COMPLETE,2607.0,4360348,8906,0.204,4158158,1.0,46.708,4.16,165268,165044,77194,18536,whole blood,RNA,"Fianarantsoa, Madagascar",Human,""
RR034H_005_WBaR1_S5,Vida Ahyong,2019-07-28 18:45:52 -0700,COMPLETE,940.0,1972590,6650,0.337,1454144,1.0,47.695,1.82,70984,70478,33856,18602,whole blood,RNA,"Fianarantsoa, Madagascar",Human,""
RR034H_006_WBaR1_S6,Vida Ahyong,2019-07-28 18:45:53 -0700,COMPLETE,2682.0,1455804,10924,0.75,1365344,1.0,56.418,2.03,73094,73010,41238,20358,whole blood,RNA,"Fianarantsoa, Madagascar",Human,""
RR034H_007_WBaR1_S7,Vida Ahyong,2019-07-28 18:45:53 -0700,COMPLETE,2360.0,864720,2032,0.235,338750,1.0,48.673,1.19,58008,53572,28234,23650,whole blood,RNA,"Fianarantsoa, Madagascar",Human,""
RR034H_008_mad_W6a_S8,Vida Ahyong,2019-07-28 18:45:53 -0700,COMPLETE,2573.0,4490636,10454,0.233,4295122,1.0,47.041,4.42,187110,186730,88018,19914,water,RNA,"Antananarivo, Madagascar",Human,""
RR034H_009_WBaR1_S9,Vida Ahyong,2019-07-28 18:45:53 -0700,COMPLETE,3524.0,9007522,15310,0.17,6743878,1.0,53.141,6.64,447062,444962,237572,35772,whole blood,RNA,"Fianarantsoa, Madagascar",Human,""
RR034H_010_PLMaR1_S323,Vida Ahyong,2019-07-28 18:45:53 -0700,COMPLETE,4155.0,4388272,8006,0.182,4220768,1.0,49.817,4.66,156360,156150,77894,16726,plasma,RNA,"Fianarantsoa, Madagascar",Human,""
RR034H_011_WBaR1_S10,Vida Ahyong,2019-07-28 18:45:53 -0700,COMPLETE,2711.0,4595924,12930,0.281,3171208,1.0,48.41,2.81,203508,203068,98518,35000,whole blood,RNA,"Mahajanga, Madagascar",Human,""
RR034H_012_WBaR1_S11,Vida Ahyong,2019-07-28 18:45:53 -0700,COMPLETE,3717.0,21930660,2770,0.013,341076,1.0,56.353,1.58,1734680,1733894,977538,618058,whole blood,RNA,"Mahajanga, Madagascar",Human,""
RR034H_013_WBaR1_S12,Vida Ahyong,2019-07-28 18:45:53 -0700,COMPLETE,2426.0,6898600,2814,0.041,43118,1.0,51.745,1.9,408340,407862,211296,111382,whole blood,RNA,"Mahajanga, Madagascar",Human,""
RR034H_014_wbldRa_S13,Vida Ahyong,2019-07-28 18:45:53 -0700,COMPLETE,2450.0,1414978,890,0.063,71576,1.0,57.561,1.24,142416,141472,81976,66174,whole blood,RNA,"Mahajanga, Madagascar",Human,""
RR034H_015_WBaR1_S14,Vida Ahyong,2019-07-28 18:45:53 -0700,COMPLETE,3375.0,5160688,3626,0.07,10822,1.0,50.577,4.0,322098,321666,162908,40730,whole blood,RNA,"Mahajanga, Madagascar",Human,""
RR034H_017_nsbRa_S15,Vida Ahyong,2019-07-28 18:45:54 -0700,COMPLETE,2873.0,303622,20284,6.681,39384,1.0,81.401,1.25,81586,80560,66412,52926,nasopharyngeal swab,RNA,"Antananarivo, Madagascar",Human,""
RR034H_018_nsbRa_S16,Vida Ahyong,2019-07-28 18:45:54 -0700,COMPLETE,5034.0,1795872,344684,19.193,204060,1.0,85.823,3.78,1578718,1578458,1354904,358188,nasopharyngeal swab,RNA,"Antananarivo, Madagascar",Human,""
RR034H_019_nsbRa_S17,Vida Ahyong,2019-07-28 18:45:54 -0700,COMPLETE,5316.0,501470,88460,17.64,110614,1.0,81.897,1.27,206478,205884,169100,133378,nasopharyngeal swab,RNA,"Antananarivo, Madagascar",Human,""
RR034H_020_nsbRa_S18,Vida Ahyong,2019-07-28 18:45:54 -0700,COMPLETE,4523.0,644260,378644,58.772,17542,1.0,85.442,1.21,562738,562380,480816,396498,nasopharyngeal swab,RNA,"Antananarivo, Madagascar",Human,""
RR034H_021_nsbRa_S19,Vida Ahyong,2019-07-28 18:45:54 -0700,COMPLETE,6668.0,2071354,960782,46.384,203588,1.0,86.375,1.65,1861536,1861454,1607896,976484,nasopharyngeal swab,RNA,"Antananarivo, Madagascar",Human,""
RR034H_022_nsbRa_S20,Vida Ahyong,2019-07-28 18:45:54 -0700,COMPLETE,2688.0,1315742,18540,1.409,27094,1.0,64.67,1.15,181196,180322,117180,101790,nasopharyngeal swab,RNA,"Antananarivo, Madagascar",Human,""
RR034H_023_nsbRa_S21,Vida Ahyong,2019-07-28 18:45:54 -0700,COMPLETE,2807.0,304302,78508,25.799,11266,1.0,85.898,1.22,138772,137932,119202,97746,nasopharyngeal swab,RNA,"Antananarivo, Madagascar",Human,""
RR034H_024_nsbRa_S22,Vida Ahyong,2019-07-28 18:45:54 -0700,COMPLETE,4947.0,343978,105200,30.583,93218,1.0,82.539,1.19,173594,172986,143282,120122,nasopharyngeal swab,RNA,"Antananarivo, Madagascar",Human,""
RR034H_025_nsbRa_S23,Vida Ahyong,2019-07-28 18:45:54 -0700,COMPLETE,5344.0,843382,434528,51.522,23580,1.0,86.132,1.29,685990,685152,590856,459240,nasopharyngeal swab,RNA,"Mahajanga, Madagascar",Human,""
RR034H_026_nsbRa_S24,Vida Ahyong,2019-07-28 18:45:55 -0700,COMPLETE,5427.0,1028224,578100,56.223,96544,1.0,85.05,1.28,885644,885076,753240,588746,nasopharyngeal swab,RNA,"Antananarivo, Madagascar",Human,""
RR034H_027_nsbRa_S25,Vida Ahyong,2019-07-28 18:45:55 -0700,COMPLETE,3573.0,268408,35330,13.163,670,1.0,81.984,1.16,85024,83976,69706,60192,nasopharyngeal swab,RNA,"Antananarivo, Madagascar",Human,""
RR034H_028_nsbRa_S26,Vida Ahyong,2019-07-28 18:45:55 -0700,COMPLETE,8830.0,3697014,1649688,44.622,340106,1.0,82.592,1.61,3257094,3256906,2690112,1673910,nasopharyngeal swab,RNA,"Antananarivo, Madagascar",Human,""
RR034H_029_nsbRa_S27,Vida Ahyong,2019-07-28 18:45:55 -0700,COMPLETE,2498.0,693428,17838,2.572,5564,1.0,63.509,1.11,205360,204804,130422,117642,nasopharyngeal swab,RNA,"Antananarivo, Madagascar",Human,""
RR034H_030_nsbRa_S28,Vida Ahyong,2019-07-28 18:45:55 -0700,COMPLETE,2946.0,3357524,1900446,56.603,46198,1.0,85.138,1.45,3278658,3278356,2791388,1919430,nasopharyngeal swab,RNA,"Antananarivo, Madagascar",Human,""
RR034H_031_nsbRa_S29,Vida Ahyong,2019-07-28 18:45:55 -0700,COMPLETE,6980.0,3209598,1090632,33.98,547270,1.0,81.815,1.63,2256134,2255608,1845858,1130266,nasopharyngeal swab,RNA,"Antananarivo, Madagascar",Human,""
RR034H_032_nsbRa_S30,Vida Ahyong,2019-07-28 18:45:55 -0700,COMPLETE,9497.0,3400596,1558162,45.82,512614,1.0,81.599,1.46,2847848,2847766,2323808,1597116,nasopharyngeal swab,RNA,"Antananarivo, Madagascar",Human,""
RR034H_033_nsbRa_S31,Vida Ahyong,2019-07-28 18:45:55 -0700,COMPLETE,5982.0,2175068,813848,37.417,392114,1.0,82.976,1.3,1350956,1350796,1120968,861410,nasopharyngeal swab,RNA,"Antananarivo, Madagascar",Human,""
RR034H_034_nsbRa_S32,Vida Ahyong,2019-07-28 18:45:55 -0700,COMPLETE,5315.0,2782796,398888,14.334,1191526,1.0,79.276,2.92,1524920,1524768,1208896,414384,nasopharyngeal swab,RNA,"Antananarivo, Madagascar",Human,""
RR034H_035_nsbRa_S33,Vida Ahyong,2019-07-28 18:45:55 -0700,COMPLETE,6600.0,1801430,1053496,58.481,19716,1.0,84.034,1.35,1722540,1722416,1447526,1069508,nasopharyngeal swab,RNA,"Antananarivo, Madagascar",Human,""
RR034H_036_nsbRa_S34,Vida Ahyong,2019-07-28 18:45:55 -0700,COMPLETE,2980.0,522686,17186,3.288,336242,1.0,73.374,1.28,59198,58658,43436,33948,nasopharyngeal swab,RNA,"Antananarivo, Madagascar",Human,""
RR034H_037_nsbRa_S35,Vida Ahyong,2019-07-28 18:45:56 -0700,COMPLETE,2853.0,602984,92566,15.351,290620,1.0,80.654,1.3,172360,172078,139016,106814,nasopharyngeal swab,RNA,"Antananarivo, Madagascar",Human,""
RR034H_038_nsbRa_S36,Vida Ahyong,2019-07-28 18:45:56 -0700,COMPLETE,5389.0,968424,460884,47.591,56406,1.0,83.746,1.33,766964,766602,642304,481296,nasopharyngeal swab,RNA,"Antananarivo, Madagascar",Human,""
RR034H_039_nsbRa_S37,Vida Ahyong,2019-07-28 18:45:56 -0700,COMPLETE,6612.0,4357210,456250,10.471,2375832,1.0,81.22,2.37,1571100,1570512,1276040,539000,nasopharyngeal swab,RNA,"Antananarivo, Madagascar",Human,""
RR034H_040_nsbRa_S38,Vida Ahyong,2019-07-28 18:45:56 -0700,COMPLETE,9565.0,6238314,2579011,41.341,709446,0.775271,82.624,1.7,5417926,5417842,4476494,2625542,nasopharyngeal swab,RNA,"Antananarivo, Madagascar",Human,""
RR034H_041_nsbRa_S39,Vida Ahyong,2019-07-28 18:45:56 -0700,COMPLETE,2467.0,1344744,86622,6.442,654,1.0,69.87,1.18,359944,359784,251492,213304,nasopharyngeal swab,RNA,"Antananarivo, Madagascar",Human,""
RR034H_042_nsbRa_S40,Vida Ahyong,2019-07-28 18:45:56 -0700,COMPLETE,4482.0,8836646,196400,2.223,7278552,1.0,75.085,5.18,1518510,1518360,1140180,219976,nasopharyngeal swab,RNA,"Antananarivo, Madagascar",Human,""
RR034H_043_nsbRa_S41,Vida Ahyong,2019-07-28 18:45:56 -0700,COMPLETE,7429.0,1907584,1028492,53.916,115130,1.0,84.015,1.39,1737422,1737122,1459698,1048260,nasopharyngeal swab,RNA,"Antananarivo, Madagascar",Human,""
RR034H_044_nsbRa_S42,Vida Ahyong,2019-07-28 18:45:56 -0700,COMPLETE,2621.0,3195930,1364722,42.702,281000,1.0,84.239,1.55,2589638,2589476,2181498,1405912,nasopharyngeal swab,RNA,"Antananarivo, Madagascar",Human,""
RR034H_045_nsbRa_S43,Vida Ahyong,2019-07-28 18:45:56 -0700,COMPLETE,2437.0,416418,29162,7.003,56992,1.0,79.662,1.24,71866,71052,57250,46300,nasopharyngeal swab,RNA,"Antananarivo, Madagascar",Human,""
RR034H_046_nsbRa_S44,Vida Ahyong,2019-07-28 18:45:57 -0700,COMPLETE,6042.0,2022870,1008880,49.874,11984,1.0,87.555,1.6,1904424,1904086,1667426,1042694,nasopharyngeal swab,RNA,"Antananarivo, Madagascar",Human,""
RR034H_047_nsbRa_S45,Vida Ahyong,2019-07-28 18:45:57 -0700,COMPLETE,10020.0,4304904,2259784,52.493,29748,0.885036,85.08,1.57,4222590,4222434,3592600,2282100,nasopharyngeal swab,RNA,"Antananarivo, Madagascar",Human,""
RR034H_048_nsbRa_S46,Vida Ahyong,2019-07-28 18:45:57 -0700,COMPLETE,5194.0,1410152,393684,27.918,14300,1.0,84.12,1.57,845602,845392,711320,453294,nasopharyngeal swab,RNA,"Antananarivo, Madagascar",Human,""
RR034H_049_nsbRa_S47,Vida Ahyong,2019-07-28 18:45:57 -0700,COMPLETE,6394.0,6348076,508990,8.018,3751048,1.0,82.081,3.38,2146926,2146740,1762228,521962,nasopharyngeal swab,RNA,"Antananarivo, Madagascar",Human,""
RR034H_050_nsbRa_S48,Vida Ahyong,2019-07-28 18:45:57 -0700,COMPLETE,2446.0,199968,11860,5.931,4936,1.0,79.121,1.16,34350,34138,27178,23470,nasopharyngeal swab,RNA,"Antananarivo, Madagascar",Human,""
RR034H_051_nsbRa_S49,Vida Ahyong,2019-07-28 18:45:57 -0700,COMPLETE,2448.0,185792,27188,14.634,350,1.0,85.044,1.23,55844,55534,47492,38746,nasopharyngeal swab,RNA,"Antananarivo, Madagascar",Human,""
RR034H_052_nsbRa_S50,Vida Ahyong,2019-07-28 18:45:57 -0700,COMPLETE,2453.0,148910,2976,1.999,1368,1.0,82.585,1.4,27838,27316,22990,16382,nasopharyngeal swab,RNA,"Antananarivo, Madagascar",Human,""
RR034H_053_nsbRa_S51,Vida Ahyong,2019-07-28 18:45:57 -0700,COMPLETE,2959.0,4500138,1663708,36.97,582410,1.0,83.149,1.57,3229892,3229626,2685618,1705410,nasopharyngeal swab,RNA,"Antananarivo, Madagascar",Human,""
RR034H_054_nsbRa_S52,Vida Ahyong,2019-07-28 18:45:57 -0700,COMPLETE,5736.0,10816246,163370,1.51,304948,1.0,67.004,1.35,1745774,1745446,1169736,869250,nasopharyngeal swab,RNA,"Antananarivo, Madagascar",Human,""
RR034H_055_nsbRa_S53,Vida Ahyong,2019-07-28 18:45:57 -0700,COMPLETE,7391.0,3903018,998384,25.58,1096564,1.0,81.173,1.96,2461206,2460978,1997826,1020264,nasopharyngeal swab,RNA,"Antananarivo, Madagascar",Human,""
RR034H_056_nsbRa_S54,Vida Ahyong,2019-07-28 18:45:57 -0700,COMPLETE,9484.0,2652652,1585940,59.787,44500,1.0,83.288,1.29,2530684,2530524,2107744,1633392,nasopharyngeal swab,RNA,"Antananarivo, Madagascar",Human,""
RR034H_057_nsbRa_S55,Vida Ahyong,2019-07-28 18:45:58 -0700,COMPLETE,2573.0,496524,157798,31.781,1936,1.0,84.964,1.27,264078,263904,224370,177008,nasopharyngeal swab,RNA,"Antananarivo, Madagascar",Human,""
RR034H_058_nsbRa_S56,Vida Ahyong,2019-07-28 18:45:58 -0700,COMPLETE,4096.0,638006,321076,50.325,6,1.0,88.212,1.75,637184,636990,562072,322038,nasopharyngeal swab,RNA,"Antananarivo, Madagascar",Human,""
RR034H_059_nsbRa_S57,Vida Ahyong,2019-07-28 18:45:58 -0700,COMPLETE,2503.0,5202032,17418,0.335,4950522,1.0,49.533,3.7,239846,239712,118804,32140,nasopharyngeal swab,RNA,"Antananarivo, Madagascar",Human,""
RR034H_060_nsbRa_S58,Vida Ahyong,2019-07-28 18:45:58 -0700,COMPLETE,9788.0,3542840,1898704,53.593,169318,1.0,83.81,1.44,3303512,3303300,2768686,1918636,nasopharyngeal swab,RNA,"Antananarivo, Madagascar",Human,""
RR034H_061_nsbRa_S59,Vida Ahyong,2019-07-28 18:45:58 -0700,COMPLETE,3557.0,280706,77280,27.531,4958,1.0,87.555,1.2,120148,120066,105196,87540,nasopharyngeal swab,RNA,"Antananarivo, Madagascar",Human,""
RR034H_062_nsbRa_S60,Vida Ahyong,2019-07-28 18:45:58 -0700,COMPLETE,4219.0,520858,145390,27.914,149390,1.0,82.337,1.35,251448,251322,207034,153746,nasopharyngeal swab,RNA,"Antananarivo, Madagascar",Human,""
RR034H_063_nsbRa_S61,Vida Ahyong,2019-07-28 18:45:58 -0700,COMPLETE,3520.0,197614,58200,29.451,28464,1.0,84.757,1.23,93840,93638,79536,64568,nasopharyngeal swab,RNA,"Antananarivo, Madagascar",Human,""
RR034H_064_nsbRa_S62,Vida Ahyong,2019-07-28 18:45:58 -0700,COMPLETE,2531.0,106136,5202,4.901,188,1.0,77.159,11.83,97396,96834,75150,6354,nasopharyngeal swab,RNA,"Antananarivo, Madagascar",Human,""
RR034H_065_nsbRa_S63,Vida Ahyong,2019-07-28 18:45:58 -0700,COMPLETE,2366.0,199152,2220,1.115,116,1.0,79.128,1.2,50460,49760,39928,33290,nasopharyngeal swab,RNA,"Antananarivo, Madagascar",Human,""
RR034H_066_nsbRa_S64,Vida Ahyong,2019-07-28 18:45:58 -0700,COMPLETE,6630.0,3684984,1221600,33.151,555258,1.0,82.231,1.78,2740130,2739766,2253230,1267816,nasopharyngeal swab,RNA,"Antananarivo, Madagascar",Human,""
RR034H_067_nsbRa_S65,Vida Ahyong,2019-07-28 18:45:59 -0700,COMPLETE,9379.0,3264678,1803926,55.256,239864,1.0,84.093,1.28,2813424,2812996,2365896,1843102,nasopharyngeal swab,RNA,"Antananarivo, Madagascar",Human,""
RR034H_068_nsbRa_S66,Vida Ahyong,2019-07-28 18:45:59 -0700,COMPLETE,9291.0,10853240,2627750,24.212,1722074,0.761101,81.786,2.79,9084796,9084526,7430076,2659258,nasopharyngeal swab,RNA,"Antananarivo, Madagascar",Human,""
RR034H_069_nsbRa_S67,Vida Ahyong,2019-07-28 18:45:59 -0700,COMPLETE,8834.0,6159264,1562082,25.362,1311948,1.0,79.511,2.28,4552946,4552680,3620106,1591158,nasopharyngeal swab,RNA,"Antananarivo, Madagascar",Human,""
RR034H_070_nsbRa_S68,Vida Ahyong,2019-07-28 18:45:59 -0700,COMPLETE,3896.0,276824,64722,23.38,10870,1.0,84.352,1.21,117152,116652,98820,81906,nasopharyngeal swab,RNA,"Antananarivo, Madagascar",Human,""
RR034H_071_nsbRa_S69,Vida Ahyong,2019-07-28 18:45:59 -0700,COMPLETE,7865.0,1547108,618660,39.988,337202,1.0,82.719,1.32,1016622,1016108,840936,636724,nasopharyngeal swab,RNA,"Mahajanga, Madagascar",Human,""
RR034H_072_nsbRa_S70,Vida Ahyong,2019-07-28 18:45:59 -0700,COMPLETE,7036.0,2034066,1012064,49.756,127192,1.0,83.824,1.39,1732318,1731316,1452104,1048214,nasopharyngeal swab,RNA,"Toamasina, Madagascar",Human,""
RR034H_073_nsbRa_S71,Vida Ahyong,2019-07-28 18:45:59 -0700,COMPLETE,4012.0,401030,70432,17.563,75328,1.0,81.525,1.21,130660,128782,106520,88392,nasopharyngeal swab,RNA,"Antananarivo, Madagascar",Human,""
RR034H_074_nsbRa_S72,Vida Ahyong,2019-07-28 18:45:59 -0700,COMPLETE,3456.0,466738,43218,9.26,85236,1.0,74.336,1.25,104498,104182,77680,62216,nasopharyngeal swab,RNA,"Antananarivo, Madagascar",Human,""
RR034H_075_nsbRa_S73,Vida Ahyong,2019-07-28 18:45:59 -0700,COMPLETE,5743.0,1391336,595144,42.775,20140,1.0,86.514,1.83,1303342,1302728,1127576,614990,nasopharyngeal swab,RNA,"Antananarivo, Madagascar",Human,""
RR034H_076_nsbRa_S74,Vida Ahyong,2019-07-28 18:45:59 -0700,COMPLETE,8182.0,3717092,1243404,33.451,592248,1.0,82.332,1.85,2843656,2843438,2341248,1268500,nasopharyngeal swab,RNA,"Antananarivo, Madagascar",Human,""
RR034H_077_nsbRa_S75,Vida Ahyong,2019-07-28 18:46:00 -0700,COMPLETE,2745.0,372754,69242,18.576,4126,1.0,86.858,1.22,130228,129878,113114,93024,nasopharyngeal swab,RNA,"Antananarivo, Madagascar",Human,""
RR034H_078_nsbRa_S76,Vida Ahyong,2019-07-28 18:46:00 -0700,COMPLETE,7006.0,1152892,764838,66.341,2044,1.0,87.128,1.21,1088540,1088292,948426,781778,nasopharyngeal swab,RNA,"Toliara, Madagascar",Human,""
RR034H_079_nsbRa_S77,Vida Ahyong,2019-07-28 18:46:00 -0700,COMPLETE,8180.0,3186608,967262,30.354,712672,1.0,81.977,1.89,2329788,2328826,1909884,1008972,nasopharyngeal swab,RNA,"Antananarivo, Madagascar",Human,""
RR034H_080_nsbRa_S78,Vida Ahyong,2019-07-28 18:46:00 -0700,COMPLETE,2734.0,209806,11704,5.578,134,1.0,77.576,1.14,76508,75660,59352,51958,nasopharyngeal swab,RNA,"Antananarivo, Madagascar",Human,""
RR034H_081_nsbRa_S79,Vida Ahyong,2019-07-28 18:46:00 -0700,COMPLETE,3628.0,443004,146996,33.182,20734,1.0,84.486,1.21,236248,235792,199596,164372,nasopharyngeal swab,RNA,"Antananarivo, Madagascar",Human,""
RR034H_082_nsbRa_S80,Vida Ahyong,2019-07-28 18:46:00 -0700,COMPLETE,5877.0,1844012,706576,38.317,72218,1.0,83.182,1.32,1186850,1186196,987246,746834,nasopharyngeal swab,RNA,"Antananarivo, Madagascar",Human,""
RR034H_083_nsbRa_S81,Vida Ahyong,2019-07-28 18:46:00 -0700,COMPLETE,1654.0,6185596,114950,1.858,4130868,1.0,70.38,3.74,725604,725408,510682,136392,nasopharyngeal swab,RNA,"Antananarivo, Madagascar",Human,""
RR034H_084_nsbRa_S82,Vida Ahyong,2019-07-28 18:46:00 -0700,COMPLETE,9343.0,4694956,2328137,49.588,26916,0.859028,85.45,1.65,4549622,4549076,3887666,2359918,nasopharyngeal swab,RNA,"Antananarivo, Madagascar",Human,""
RR034H_085_nsbRa_S83,Vida Ahyong,2019-07-28 18:46:00 -0700,COMPLETE,3400.0,2230612,90070,4.038,1541148,1.0,63.689,2.53,454788,450764,289648,114384,nasopharyngeal swab,RNA,"Antananarivo, Madagascar",Human,""
RR034H_086_nsbRa_S84,Vida Ahyong,2019-07-28 18:46:00 -0700,COMPLETE,6495.0,1464142,760622,51.95,152444,1.0,85.478,1.31,1193158,1192092,1019890,780486,nasopharyngeal swab,RNA,"Antananarivo, Madagascar",Human,""
RR034H_087_nsbRa_S85,Vida Ahyong,2019-07-28 18:46:00 -0700,COMPLETE,6652.0,1415194,690430,48.787,100748,1.0,84.871,1.36,1143854,1143122,970806,714900,nasopharyngeal swab,RNA,"Antananarivo, Madagascar",Human,""
RR034H_088_nsbRa_S86,Vida Ahyong,2019-07-28 18:46:01 -0700,COMPLETE,8528.0,4231500,1239240,29.286,1312298,1.0,83.985,1.92,2885694,2885398,2423564,1263756,nasopharyngeal swab,RNA,"Mahajanga, Madagascar",Human,""
RR034H_089_nsbRa_S87,Vida Ahyong,2019-07-28 18:46:01 -0700,COMPLETE,6022.0,1092984,73448,6.72,497050,1.0,73.506,1.35,174960,174116,128606,95250,nasopharyngeal swab,RNA,"Fianarantsoa, Madagascar",Human,""
RR034H_090_nsbRa_S88,Vida Ahyong,2019-07-28 18:46:01 -0700,COMPLETE,8512.0,2280636,1372092,60.163,139734,1.0,83.704,1.26,2089342,2088702,1748864,1387838,nasopharyngeal swab,RNA,"Antananarivo, Madagascar",Human,""
RR034H_091_nsbRa_S89,Vida Ahyong,2019-07-28 18:46:01 -0700,COMPLETE,5320.0,594108,240266,40.441,50014,1.0,84.107,1.22,378690,378038,318504,260440,nasopharyngeal swab,RNA,"Antananarivo, Madagascar",Human,""
RR034H_092_nsbRa_S90,Vida Ahyong,2019-07-28 18:46:01 -0700,COMPLETE,4979.0,368764,151486,41.079,532,1.0,85.474,1.18,239218,238882,204468,173050,nasopharyngeal swab,RNA,"Antananarivo, Madagascar",Human,""
RR034H_093_nsbRa_S91,Vida Ahyong,2019-07-28 18:46:01 -0700,COMPLETE,6294.0,879304,499666,56.825,15962,1.0,85.553,1.29,772736,772284,661102,513322,nasopharyngeal swab,RNA,"Antananarivo, Madagascar",Human,""
RR034H_094_nsbRa_S92,Vida Ahyong,2019-07-28 18:46:01 -0700,COMPLETE,3334.0,463392,67842,14.64,4840,1.0,84.891,1.29,149730,148836,127108,98424,nasopharyngeal swab,RNA,"Antananarivo, Madagascar",Human,""
RR034H_095_nsbRa_S93,Vida Ahyong,2019-07-28 18:46:01 -0700,COMPLETE,4977.0,691116,261010,37.766,1738,1.0,84.85,1.19,409228,408928,347232,292148,nasopharyngeal swab,RNA,"Antananarivo, Madagascar",Human,""
RR034H_096_nsbRa_S94,Vida Ahyong,2019-07-28 18:46:01 -0700,COMPLETE,5649.0,890436,446082,50.097,1368,1.0,87.681,1.44,767958,767556,673352,469088,nasopharyngeal swab,RNA,"Antananarivo, Madagascar",Human,""
RR034H_097_nsbRa_S95,Vida Ahyong,2019-07-28 18:46:02 -0700,COMPLETE,2990.0,646590,8240,1.274,1078,1.0,63.859,1.16,108266,107702,69138,59500,nasopharyngeal swab,RNA,"Antananarivo, Madagascar",Human,""
RR034H_098_nsbRa_S96,Vida Ahyong,2019-07-28 18:46:02 -0700,COMPLETE,9036.0,2305218,1553454,67.389,7988,1.0,87.647,1.28,2282834,2282652,2000832,1565596,nasopharyngeal swab,RNA,"Antananarivo, Madagascar",Human,""
RR034H_099_nsbRa_S97,Vida Ahyong,2019-07-28 18:46:02 -0700,COMPLETE,7658.0,1861170,867380,46.604,85036,1.0,85.846,1.48,1555042,1554382,1334944,900500,nasopharyngeal swab,RNA,"Antananarivo, Madagascar",Human,""
RR034H_100_nsbRa_S98,Vida Ahyong,2019-07-28 18:46:02 -0700,COMPLETE,7968.0,2325002,1073240,46.161,304122,1.0,82.846,1.35,1799062,1798750,1490454,1107350,nasopharyngeal swab,RNA,"Antananarivo, Madagascar",Human,""
RR034H_101_nsbRa_S99,Vida Ahyong,2019-07-28 18:46:02 -0700,COMPLETE,3437.0,2777428,24258,0.873,2014966,1.0,60.636,2.17,149420,149104,90602,41826,nasopharyngeal swab,RNA,"Antananarivo, Madagascar",Human,""
RR034H_102_nsbRa_S100,Vida Ahyong,2019-07-28 18:46:02 -0700,COMPLETE,6682.0,963340,542398,56.304,62834,1.0,83.61,1.27,836804,836606,699650,553034,nasopharyngeal swab,RNA,"Antananarivo, Madagascar",Human,""
RR034H_103_nsbRa_S101,Vida Ahyong,2019-07-28 18:46:02 -0700,COMPLETE,9585.0,4737064,1904320,40.2,185302,1.0,85.188,1.93,4397576,4396980,3746192,1940320,nasopharyngeal swab,RNA,"Antananarivo, Madagascar",Human,""
RR034H_104_nsbRa_S102,Vida Ahyong,2019-07-28 18:46:02 -0700,COMPLETE,3425.0,7735720,21908,0.283,7356054,1.0,58.294,5.65,361812,361620,210914,37362,nasopharyngeal swab,RNA,"Antananarivo, Madagascar",Human,""
RR034H_105_nsbRa_S103,Vida Ahyong,2019-07-28 18:46:02 -0700,COMPLETE,2938.0,297098,5374,1.809,3330,1.0,79.992,1.25,35156,34338,28122,22410,nasopharyngeal swab,RNA,"Antananarivo, Madagascar",Human,""
RR034H_106_nsbRa_S104,Vida Ahyong,2019-07-28 18:46:03 -0700,COMPLETE,3303.0,317814,92322,29.049,5172,1.0,86.041,1.19,151590,151322,130430,109338,nasopharyngeal swab,RNA,"Antananarivo, Madagascar",Human,""
RR034H_107_nsbRa_S105,Vida Ahyong,2019-07-28 18:46:03 -0700,COMPLETE,3786.0,319830,89402,27.953,7924,1.0,83.899,1.17,142636,142332,119670,102334,nasopharyngeal swab,RNA,"Toliara, Madagascar",Human,""
RR034H_108_nsbRa_S106,Vida Ahyong,2019-07-28 18:46:03 -0700,COMPLETE,6502.0,1200876,680152,56.638,89680,1.0,85.391,1.34,1087224,1087068,928392,692476,nasopharyngeal swab,RNA,"Antananarivo, Madagascar",Human,""
RR034H_109_nsbRa_S107,Vida Ahyong,2019-07-28 18:46:03 -0700,COMPLETE,3281.0,339388,70246,20.698,57038,1.0,82.693,1.28,124366,124142,102842,80290,nasopharyngeal swab,RNA,"Antananarivo, Madagascar",Human,""
RR034H_110_nsbRa_S108,Vida Ahyong,2019-07-28 18:46:03 -0700,COMPLETE,3431.0,343206,119794,34.904,55464,1.0,85.34,1.28,194842,194340,166278,129474,nasopharyngeal swab,RNA,"Toamasina, Madagascar",Human,""
RR034H_111_nsbRa_S109,Vida Ahyong,2019-07-28 18:46:03 -0700,COMPLETE,6755.0,1106362,550536,49.761,42148,1.0,84.624,1.25,866478,866098,733246,584702,nasopharyngeal swab,RNA,"Antananarivo, Madagascar",Human,""
RR034H_112_nsbRa_S110,Vida Ahyong,2019-07-28 18:46:03 -0700,COMPLETE,7842.0,2382078,995358,41.785,208982,1.0,83.399,1.63,2044492,2044180,1705090,1045614,nasopharyngeal swab,RNA,"Antananarivo, Madagascar",Human,""
RR034H_113_nsbRa_S111,Vida Ahyong,2019-07-28 18:46:03 -0700,COMPLETE,6149.0,648872,243692,37.556,32958,1.0,85.334,1.23,401228,400970,342384,278478,nasopharyngeal swab,RNA,"Antananarivo, Madagascar",Human,""
RR034H_114_nsbRa_S112,Vida Ahyong,2019-07-28 18:46:03 -0700,COMPLETE,7845.0,1113574,717596,64.441,7822,1.0,85.747,1.2,1046812,1046722,897608,746880,nasopharyngeal swab,RNA,"Antananarivo, Madagascar",Human,""
RR034H_115_nsbRa_S113,Vida Ahyong,2019-07-28 18:46:03 -0700,COMPLETE,7857.0,5808872,997708,17.176,1743520,1.0,80.54,3.1,3918164,3917974,3155690,1019058,nasopharyngeal swab,RNA,"Antananarivo, Madagascar",Human,""
RR034H_116_nsbRa_S114,Vida Ahyong,2019-07-28 18:46:04 -0700,COMPLETE,6170.0,1498026,565168,37.728,357804,1.0,84.704,1.46,1011454,1011026,856738,588188,nasopharyngeal swab,RNA,"Antananarivo, Madagascar",Human,""
RR034H_117_nsbRa_S115,Vida Ahyong,2019-07-28 18:46:04 -0700,COMPLETE,8079.0,4595054,1250680,27.218,610730,1.0,83.57,2.63,3981606,3981464,3327440,1267416,nasopharyngeal swab,RNA,"Antananarivo, Madagascar",Human,""
RR034H_118_nsbRa_S116,Vida Ahyong,2019-07-28 18:46:04 -0700,COMPLETE,7404.0,1301190,699972,53.795,680,1.0,85.913,1.59,1299982,1299768,1116860,701342,nasopharyngeal swab,RNA,"Antananarivo, Madagascar",Human,""
RR034H_119_nsbRa_S117,Vida Ahyong,2019-07-28 18:46:04 -0700,COMPLETE,9546.0,5135250,2214941,43.132,265474,0.902955,84.643,1.81,4820088,4819766,4079848,2247942,nasopharyngeal swab,RNA,"Antananarivo, Madagascar",Human,""
RR034H_120_nsbRa_S118,Vida Ahyong,2019-07-28 18:46:04 -0700,COMPLETE,6859.0,4385120,597262,13.62,2530660,1.0,80.553,2.37,1843412,1843322,1484918,626014,nasopharyngeal swab,RNA,"Antananarivo, Madagascar",Human,""
RR034H_121_wbldRa_S119,Vida Ahyong,2019-07-28 18:46:04 -0700,COMPLETE,3025.0,227060,7802,3.436,8702,1.0,75.171,4.44,103300,102950,77652,17504,whole blood,RNA,"Mahajanga, Madagascar",Human,""
RR034H_122_wbldRa_S120,Vida Ahyong,2019-07-28 18:46:04 -0700,COMPLETE,2108.0,52752,1048,1.987,872,1.0,66.667,1.13,15054,14506,10036,8854,whole blood,RNA,"Mahajanga, Madagascar",Human,""
RR034H_123_wbldRa_S121,Vida Ahyong,2019-07-28 18:46:04 -0700,COMPLETE,3237.0,62258,84,0.135,960,1.0,67.461,1.1,10824,10506,7302,6650,whole blood,RNA,"Mahajanga, Madagascar",Human,""
RR034H_124_wbldRa_S122,Vida Ahyong,2019-07-28 18:46:04 -0700,COMPLETE,3056.0,53690,12,0.022,84,1.0,74.693,1.14,18216,17506,13606,11926,whole blood,RNA,"Mahajanga, Madagascar",Human,""
RR034H_125_wbldRa_S123,Vida Ahyong,2019-07-28 18:46:04 -0700,COMPLETE,3495.0,81242,3818,4.7,1204,1.0,65.733,2.89,48536,47898,31904,11048,whole blood,RNA,"Mahajanga, Madagascar",Human,""
RR034H_126_wbldRa_S124,Vida Ahyong,2019-07-28 18:46:04 -0700,COMPLETE,2868.0,47258,590,1.248,370,1.0,64.359,1.17,18866,18180,12142,10364,whole blood,RNA,"Mahajanga, Madagascar",Human,""
RR034H_127_wbldRa_S125,Vida Ahyong,2019-07-28 18:46:05 -0700,COMPLETE,3071.0,63336,2652,4.187,988,1.0,70.594,2.04,26906,26340,18994,9308,whole blood,RNA,"Mahajanga, Madagascar",Human,""
RR034H_128_wbldRa_S126,Vida Ahyong,2019-07-28 18:46:05 -0700,COMPLETE,3206.0,11619690,15906,0.137,3446,1.0,57.101,11.92,817980,816970,467078,39172,whole blood,RNA,"Mahajanga, Madagascar",Human,""
RR034H_129_wbldRa_S127,Vida Ahyong,2019-07-28 18:46:05 -0700,COMPLETE,2541.0,110362,32,0.029,252,1.0,70.492,1.15,22502,21744,15862,13794,whole blood,RNA,"Mahajanga, Madagascar",Human,""
RR034H_130_wbldRa_S128,Vida Ahyong,2019-07-28 18:46:05 -0700,COMPLETE,2889.0,157736,18,0.011,222,1.0,74.209,1.3,33988,33116,25222,19406,whole blood,RNA,"Mahajanga, Madagascar",Human,""
RR034H_131_wbldRa_S129,Vida Ahyong,2019-07-28 18:46:05 -0700,COMPLETE,2889.0,80100,90,0.112,594,1.0,72.157,1.11,17814,17408,12854,11530,whole blood,RNA,"Mahajanga, Madagascar",Human,""
RR034H_132_wbldRa_S130,Vida Ahyong,2019-07-28 18:46:05 -0700,COMPLETE,3197.0,90832,280,0.308,1248,1.0,68.199,1.13,19182,18418,13082,11608,whole blood,RNA,"Mahajanga, Madagascar",Human,""
RR034H_133_wbldRa_S131,Vida Ahyong,2019-07-28 18:46:05 -0700,COMPLETE,3210.0,115966,44,0.038,162,1.0,72.935,1.15,21600,21160,15754,13690,whole blood,RNA,"Mahajanga, Madagascar",Human,""
RR034H_134_wbldRa_S132,Vida Ahyong,2019-07-28 18:46:05 -0700,COMPLETE,3038.0,117420,2510,2.138,6910,1.0,67.965,1.49,25116,24674,17070,11420,whole blood,RNA,"Mahajanga, Madagascar",Human,""
RR034H_135_wbldRa_S133,Vida Ahyong,2019-07-28 18:46:05 -0700,COMPLETE,2854.0,93974,32,0.034,310,1.0,68.47,1.11,14120,13820,9668,8728,whole blood,RNA,"Mahajanga, Madagascar",Human,""
RR034H_136_wbldRa_S134,Vida Ahyong,2019-07-28 18:46:06 -0700,COMPLETE,2877.0,88864,4224,4.753,4,1.0,80.184,11.14,82014,81820,65762,5904,whole blood,RNA,"Toamasina, Madagascar",Human,""
RR034H_137_wbldRa_S135,Vida Ahyong,2019-07-28 18:46:06 -0700,COMPLETE,3358.0,271012,12756,4.707,522,1.0,78.694,10.34,254028,252488,199904,19328,whole blood,RNA,"Fianarantsoa, Madagascar",Human,""
RR034H_138_wbldRa_S136,Vida Ahyong,2019-07-28 18:46:06 -0700,COMPLETE,3190.0,307222,14360,4.674,84,1.0,79.645,13.21,300186,299916,239084,18102,whole blood,RNA,"Fianarantsoa, Madagascar",Human,""
RR034H_139_wbldRa_S137,Vida Ahyong,2019-07-28 18:46:06 -0700,COMPLETE,3208.0,33636,202,0.601,206,1.0,67.49,1.48,21938,20204,14806,9972,whole blood,RNA,"Fianarantsoa, Madagascar",Human,""
RR034H_140_wbldRa_S138,Vida Ahyong,2019-07-28 18:46:06 -0700,COMPLETE,3238.0,58764,3148,5.357,376,1.0,73.669,1.12,23850,22746,17570,15642,whole blood,RNA,"Fianarantsoa, Madagascar",Human,""
RR034H_141_wbldRa_S139,Vida Ahyong,2019-07-28 18:46:06 -0700,COMPLETE,3195.0,54734,590,1.078,648,1.0,69.886,1.11,13502,13044,9436,8472,whole blood,RNA,"Antananarivo, Madagascar",Human,""
RR034H_142_wbldRa_S140,Vida Ahyong,2019-07-28 18:46:06 -0700,COMPLETE,3225.0,79304,858,1.082,616,1.0,68.647,1.14,26702,25560,18330,16032,whole blood,RNA,"Antananarivo, Madagascar",Human,""
RR034H_143_wbldRa_S141,Vida Ahyong,2019-07-28 18:46:06 -0700,COMPLETE,2843.0,75826,1828,2.411,766,1.0,67.544,1.2,28494,27270,19246,16096,whole blood,RNA,"Antananarivo, Madagascar",Human,""
RR034H_144_wbldRa_S142,Vida Ahyong,2019-07-28 18:46:06 -0700,COMPLETE,3366.0,103980,24058,23.137,152,1.0,83.539,1.15,68416,67902,57154,49828,whole blood,RNA,"Fianarantsoa, Madagascar",Human,""
RR034H_145_wbldRa_S143,Vida Ahyong,2019-07-28 18:46:06 -0700,COMPLETE,3537.0,2395578,14620,0.61,1558,1.0,64.978,12.49,420368,419816,273146,21870,whole blood,RNA,"Toamasina, Madagascar",Human,""
RR034H_146_wbldRa_S144,Vida Ahyong,2019-07-28 18:46:07 -0700,COMPLETE,3457.0,2741778,6402,0.233,29906,1.0,53.137,2.97,173280,172704,92076,30950,whole blood,RNA,"Toamasina, Madagascar",Human,""
RR034H_147_wbldRa_S145,Vida Ahyong,2019-07-28 18:46:07 -0700,COMPLETE,2803.0,609100,1886,0.31,252372,1.0,57.886,1.16,26818,25742,15524,13332,whole blood,RNA,"Toamasina, Madagascar",Human,""
RR034H_148_wbldRa_S146,Vida Ahyong,2019-07-28 18:46:07 -0700,COMPLETE,3430.0,2956002,6846,0.232,2599852,1.0,50.081,4.02,120034,119718,60114,14950,whole blood,RNA,"Toamasina, Madagascar",Human,""
RR034H_149_wbldRa_S147,Vida Ahyong,2019-07-28 18:46:07 -0700,COMPLETE,3407.0,1661372,1502,0.09,186190,1.0,54.022,1.19,108278,107340,58494,49228,whole blood,RNA,"Toamasina, Madagascar",Human,""
RR034H_150_wbldRa_S148,Vida Ahyong,2019-07-28 18:46:07 -0700,COMPLETE,3117.0,2522826,6816,0.27,1460724,1.0,52.478,1.71,107028,105998,56166,32858,whole blood,RNA,"Antsiranana, Madagascar",Human,""
RR034H_151_wbldRa_S149,Vida Ahyong,2019-07-28 18:46:07 -0700,COMPLETE,2958.0,585830,112,0.019,18472,1.0,67.53,1.14,38004,37406,25664,22500,whole blood,RNA,"Fianarantsoa, Madagascar",Human,""
RR034H_152_wbldRa_S150,Vida Ahyong,2019-07-28 18:46:07 -0700,COMPLETE,3137.0,458958,314,0.068,106456,1.0,46.479,2.14,27634,26976,12844,5988,whole blood,RNA,"Fianarantsoa, Madagascar",Human,""
RR034H_153_wbldRa_S151,Vida Ahyong,2019-07-28 18:46:07 -0700,COMPLETE,3144.0,319186,10,0.003,2382,1.0,71.169,1.26,34338,33792,24438,19336,whole blood,RNA,"Fianarantsoa, Madagascar",Human,""
RR034H_154_wbldRa_S152,Vida Ahyong,2019-07-28 18:46:07 -0700,COMPLETE,2805.0,557046,96,0.017,2714,1.0,47.89,1.07,199508,198820,95544,89316,whole blood,RNA,"Fianarantsoa, Madagascar",Human,""
RR034H_155_wbldRa_S153,Vida Ahyong,2019-07-28 18:46:07 -0700,COMPLETE,3087.0,1781200,6198,0.348,1118854,1.0,41.215,1.25,133188,131408,54894,43954,whole blood,RNA,"Fianarantsoa, Madagascar",Human,""
RR034H_156_wbldRa_S154,Vida Ahyong,2019-07-28 18:46:08 -0700,COMPLETE,3647.0,1780546,261764,14.701,14046,1.0,84.5,1.84,1469282,1468880,1241544,675452,whole blood,RNA,"Fianarantsoa, Madagascar",Human,""
RR034H_157_wbldRa_S155,Vida Ahyong,2019-07-28 18:46:08 -0700,COMPLETE,3414.0,156136,6,0.004,24,1.0,75.185,1.12,18110,17774,13616,12130,whole blood,RNA,"Fianarantsoa, Madagascar",Human,""
RR034H_158_wbldRa_S156,Vida Ahyong,2019-07-28 18:46:08 -0700,COMPLETE,2779.0,253696,4,0.002,86,1.0,74.074,1.17,22742,22436,16846,14404,whole blood,RNA,"Fianarantsoa, Madagascar",Human,""
RR034H_159_wbldRa_S157,Vida Ahyong,2019-07-28 18:46:08 -0700,COMPLETE,2827.0,233746,4974,2.128,160,1.0,73.256,1.17,42140,41800,30870,26280,whole blood,RNA,"Fianarantsoa, Madagascar",Human,""
RR034H_160_wbldRa_S158,Vida Ahyong,2019-07-28 18:46:08 -0700,COMPLETE,3427.0,181284,6,0.003,330,1.0,68.554,1.15,21968,21662,15060,13140,whole blood,RNA,"Fianarantsoa, Madagascar",Human,""
RR034H_161_wbldRa_S159,Vida Ahyong,2019-07-28 18:46:08 -0700,COMPLETE,2797.0,308144,21694,7.04,100,1.0,81.851,1.25,98308,97912,80466,64498,whole blood,RNA,"Fianarantsoa, Madagascar",Human,""
RR034H_162_wbldRa_S160,Vida Ahyong,2019-07-28 18:46:08 -0700,COMPLETE,3817.0,6276624,31666,0.505,5568046,1.0,57.973,3.16,297024,296756,172194,54408,whole blood,RNA,"Fianarantsoa, Madagascar",Human,""
RR034H_163_wbldRa_S161,Vida Ahyong,2019-07-28 18:46:08 -0700,COMPLETE - ISSUE,3805.0,75092,0,0.0,20,,75.407,1.13,7620,7488,5746,5066,whole blood,RNA,"Antananarivo, Madagascar",Human,""
RR034H_164_wbldRa_S162,Vida Ahyong,2019-07-28 18:46:08 -0700,COMPLETE,3136.0,225242,4,0.002,42,1.0,74.844,1.17,21164,20776,15840,13512,whole blood,RNA,"Antananarivo, Madagascar",Human,""
RR034H_165_wbldRa_S163,Vida Ahyong,2019-07-28 18:46:09 -0700,COMPLETE,3126.0,275682,4,0.001,118,1.0,75.145,1.26,41730,41132,31358,24876,whole blood,RNA,"Fianarantsoa, Madagascar",Human,""
RR034H_166_wbldRa_S164,Vida Ahyong,2019-07-28 18:46:09 -0700,COMPLETE,3130.0,165324,8,0.005,64,1.0,74.063,1.16,19362,19050,14340,12340,whole blood,RNA,"Antananarivo, Madagascar",Human,""
RR034H_167_wbldRa_S165,Vida Ahyong,2019-07-28 18:46:09 -0700,COMPLETE,3044.0,272006,8,0.003,64,1.0,74.694,1.18,26776,26272,20000,16948,whole blood,RNA,"Antananarivo, Madagascar",Human,""
RR034H_168_wbldRa_S166,Vida Ahyong,2019-07-28 18:46:09 -0700,COMPLETE,3082.0,235474,16,0.007,548,1.0,71.663,1.35,40294,39570,28876,21374,whole blood,RNA,"Antananarivo, Madagascar",Human,""
RR034H_169_wbldRa_S167,Vida Ahyong,2019-07-28 18:46:09 -0700,COMPLETE,3180.0,199290,330,0.166,7614,1.0,70.801,1.45,31056,30304,21988,15192,whole blood,RNA,"Fianarantsoa, Madagascar",Human,""
RR034H_170_wbldRa_S168,Vida Ahyong,2019-07-28 18:46:09 -0700,COMPLETE,3222.0,190946,30,0.016,1138,1.0,66.925,1.28,27126,26774,18154,14138,whole blood,RNA,"Antananarivo, Madagascar",Human,""
RR034H_171_wbldRa_S169,Vida Ahyong,2019-07-28 18:46:09 -0700,COMPLETE,3040.0,218352,2,0.001,112,1.0,71.693,1.14,43388,41902,31106,27190,whole blood,RNA,"Fianarantsoa, Madagascar",Human,""
RR034H_172_wbldRa_S170,Vida Ahyong,2019-07-28 18:46:09 -0700,COMPLETE,3044.0,190530,8,0.004,304,1.0,72.964,1.19,32926,32020,24024,20164,whole blood,RNA,"Antananarivo, Madagascar",Human,""
RR034H_173_wbldRa_S177,Vida Ahyong,2019-07-28 18:46:09 -0700,COMPLETE,3557.0,314030,29670,9.448,48,1.0,83.461,1.36,131692,131368,109912,80860,whole blood,RNA,"Antananarivo, Madagascar",Human,""
RR034H_174_wbldRa_S171,Vida Ahyong,2019-07-28 18:46:09 -0700,COMPLETE,3859.0,1469104,242414,16.501,48,1.0,84.778,2.05,1211442,1210882,1027034,499924,whole blood,RNA,"Fianarantsoa, Madagascar",Human,""
RR034H_175_wbldRa_S172,Vida Ahyong,2019-07-28 18:46:10 -0700,COMPLETE,3062.0,259832,96,0.037,1736,1.0,70.611,1.31,39382,38730,27808,21202,whole blood,RNA,"Antananarivo, Madagascar",Human,""
RR034H_176_wbldRa_S173,Vida Ahyong,2019-07-28 18:46:10 -0700,COMPLETE,3554.0,749516,16,0.002,350,1.0,70.783,1.22,66748,65966,47246,38860,whole blood,RNA,"Antananarivo, Madagascar",Human,""
RR034H_177_wbldRa_S174,Vida Ahyong,2019-07-28 18:46:10 -0700,COMPLETE,3228.0,246248,8,0.003,180,1.0,73.481,1.16,23342,22908,17152,14762,whole blood,RNA,"Antananarivo, Madagascar",Human,""
RR034H_178_wbldRa_S175,Vida Ahyong,2019-07-28 18:46:10 -0700,COMPLETE,3318.0,198802,4,0.002,108,1.0,73.162,1.15,17602,17398,12878,11236,whole blood,RNA,"Antananarivo, Madagascar",Human,""
RR034H_179_wbldRa_S176,Vida Ahyong,2019-07-28 18:46:10 -0700,COMPLETE,3229.0,355080,14,0.004,94,1.0,67.178,1.17,32734,32398,21990,18754,whole blood,RNA,"Antananarivo, Madagascar",Human,""
RR034H_180_wbldRa_S178,Vida Ahyong,2019-07-28 18:46:10 -0700,COMPLETE,3204.0,166108,4,0.002,178,1.0,72.935,1.14,19420,19234,14164,12454,whole blood,RNA,"Antananarivo, Madagascar",Human,""
RR034H_181_wbldRa_S179,Vida Ahyong,2019-07-28 18:46:10 -0700,COMPLETE,3048.0,270928,10,0.004,420,1.0,74.961,1.23,32996,32440,24734,20136,whole blood,RNA,"Antananarivo, Madagascar",Human,""
RR034H_182_wbldRa_S180,Vida Ahyong,2019-07-28 18:46:10 -0700,COMPLETE,3212.0,274682,2,0.001,192,1.0,69.234,1.14,22024,21666,15248,13398,whole blood,RNA,"Antananarivo, Madagascar",Human,""
RR034H_183_wbldRa_S181,Vida Ahyong,2019-07-28 18:46:10 -0700,COMPLETE,3179.0,262526,4,0.002,126,1.0,71.718,1.13,21752,21534,15600,13822,whole blood,RNA,"Antananarivo, Madagascar",Human,""
RR034H_184_wbldRa_S182,Vida Ahyong,2019-07-28 18:46:10 -0700,COMPLETE,3211.0,150972,10,0.007,178,1.0,72.276,1.1,11600,11518,8384,7592,whole blood,RNA,"Antananarivo, Madagascar",Human,""
RR034H_185_wbldRa_S183,Vida Ahyong,2019-07-28 18:46:11 -0700,COMPLETE,3219.0,115428,6,0.005,400,1.0,71.849,1.32,23310,22888,16748,12732,whole blood,RNA,"Antananarivo, Madagascar",Human,""
RR034H_186_wbldRa_S184,Vida Ahyong,2019-07-28 18:46:11 -0700,COMPLETE,3208.0,144246,4,0.003,198,1.0,73.812,1.22,26256,25694,19380,15828,whole blood,RNA,"Antananarivo, Madagascar",Human,""
RR034H_187_wbldRa_S185,Vida Ahyong,2019-07-28 18:46:11 -0700,COMPLETE,3048.0,193454,4,0.002,34,1.0,72.122,1.12,57996,57076,41828,37198,whole blood,RNA,"Fianarantsoa, Madagascar",Human,""
RR034H_188_wbldRa_S186,Vida Ahyong,2019-07-28 18:46:11 -0700,COMPLETE,3084.0,283542,2,0.001,112,1.0,74.558,1.17,24196,23870,18040,15456,whole blood,RNA,"Antananarivo, Madagascar",Human,""
RR034H_189_wbldRa_S187,Vida Ahyong,2019-07-28 18:46:11 -0700,COMPLETE,3196.0,84442,112,0.133,1346,1.0,63.487,1.37,19182,18862,12178,8900,whole blood,RNA,"Antsiranana, Madagascar",Human,""
RR034H_190_wbldRa_S188,Vida Ahyong,2019-07-28 18:46:11 -0700,COMPLETE,3364.0,335594,6,0.002,302,1.0,72.078,1.17,30958,30598,22314,19056,whole blood,RNA,"Mahajanga, Madagascar",Human,""
RR034H_191_wbldRa_S189,Vida Ahyong,2019-07-28 18:46:11 -0700,COMPLETE,3645.0,1305838,24246,1.857,933658,1.0,48.735,1.63,118588,118330,57794,35492,whole blood,RNA,"Mahajanga, Madagascar",Human,""
RR034H_192_wbldRa_S190,Vida Ahyong,2019-07-28 18:46:11 -0700,COMPLETE,3233.0,250848,20,0.008,106,1.0,74.381,1.19,29900,29482,22240,18758,whole blood,RNA,"Mahajanga, Madagascar",Human,""
RR034H_193_wbldRa_S191,Vida Ahyong,2019-07-28 18:46:11 -0700,COMPLETE,3206.0,118446,2,0.002,110,1.0,73.082,1.16,16814,16486,12288,10550,whole blood,RNA,"Mahajanga, Madagascar",Human,""
RR034H_194_wbldRa_S192,Vida Ahyong,2019-07-28 18:46:11 -0700,COMPLETE,3234.0,604116,514,0.085,42638,1.0,64.482,1.3,28476,27988,18362,14088,whole blood,RNA,"Fianarantsoa, Madagascar",Human,""
RR034H_195_wbldRa_S193,Vida Ahyong,2019-07-28 18:46:12 -0700,COMPLETE,3210.0,143516,46,0.032,1138,1.0,71.76,1.26,18548,18322,13310,10590,whole blood,RNA,"Fianarantsoa, Madagascar",Human,""
RR034H_196_wbldRa_S194,Vida Ahyong,2019-07-28 18:46:12 -0700,COMPLETE,3331.0,230742,46,0.02,1452,1.0,80.92,1.42,42022,41240,34004,24016,whole blood,RNA,"Fianarantsoa, Madagascar",Human,""
RR034H_197_wbldRa_S195,Vida Ahyong,2019-07-28 18:46:12 -0700,COMPLETE,3073.0,272572,6,0.002,182,1.0,70.895,1.15,24216,23960,17168,14956,whole blood,RNA,"Fianarantsoa, Madagascar",Human,""
RR034H_198_wbldRa_S196,Vida Ahyong,2019-07-28 18:46:12 -0700,COMPLETE,3204.0,145428,16,0.011,1178,1.0,71.982,1.47,30024,29430,21612,14686,whole blood,RNA,"Fianarantsoa, Madagascar",Human,""
RR034H_199_wbldRa_S197,Vida Ahyong,2019-07-28 18:46:12 -0700,COMPLETE - ISSUE,2417.0,177170,0,0.0,150,,74.099,1.22,29760,29250,22052,18106,whole blood,RNA,"Toliara, Madagascar",Human,""
RR034H_200_wbldRa_S198,Vida Ahyong,2019-07-28 18:46:12 -0700,COMPLETE,3564.0,135760,2,0.001,176,1.0,71.037,1.18,21876,21426,15540,13194,whole blood,RNA,"Toliara, Madagascar",Human,""
RR034H_201_wbldRa_S199,Vida Ahyong,2019-07-28 18:46:12 -0700,COMPLETE - ISSUE,1228.0,330196,0,0.0,116,,74.135,1.18,37796,37464,28020,23814,whole blood,RNA,"Toliara, Madagascar",Human,""
RR034H_202_serRa_S200,Vida Ahyong,2019-07-28 18:46:12 -0700,COMPLETE,3546.0,4738578,9236,0.195,4549734,1.0,46.029,4.65,178054,177966,81956,17640,serum,RNA,"Antsiranana, Madagascar",Human,""
RR034H_203_serRa_S201,Vida Ahyong,2019-07-28 18:46:12 -0700,COMPLETE,3208.0,904250,4474,0.495,844088,1.0,57.325,4.5,57532,57484,32980,7326,serum,RNA,"Toamasina, Madagascar",Human,""
RR034H_204_serRa_S202,Vida Ahyong,2019-07-28 18:46:12 -0700,COMPLETE,3425.0,3013736,9436,0.313,2887012,1.0,46.649,3.09,118408,118366,55236,17864,serum,RNA,"Toamasina, Madagascar",Human,""
RR034H_205_serRa_S203,Vida Ahyong,2019-07-28 18:46:13 -0700,COMPLETE,3094.0,5113146,9128,0.179,2519498,1.0,47.856,2.96,230322,230200,110224,37296,serum,RNA,"Antsiranana, Madagascar",Human,""
RR034H_206_serRa_S204,Vida Ahyong,2019-07-28 18:46:13 -0700,COMPLETE,3211.0,5533658,10726,0.194,5302464,1.0,44.586,5.0,217832,217522,97122,19406,serum,RNA,"Antsiranana, Madagascar",Human,""
RR034H_207_serRa_S205,Vida Ahyong,2019-07-28 18:46:13 -0700,COMPLETE,3473.0,2398688,5790,0.241,2237458,1.0,49.202,4.02,89110,88972,43844,10920,serum,RNA,"Antsiranana, Madagascar",Human,""
RR034H_208_serRa_S206,Vida Ahyong,2019-07-28 18:46:13 -0700,COMPLETE,3099.0,3075704,5728,0.186,2865380,1.0,34.309,4.51,201296,200588,69062,15312,serum,RNA,"Antsiranana, Madagascar",Human,""
RR034H_209_serRa_S207,Vida Ahyong,2019-07-28 18:46:13 -0700,COMPLETE,3426.0,3405434,9056,0.266,2921942,1.0,56.111,4.78,144816,144662,81258,16992,serum,RNA,"Antsiranana, Madagascar",Human,""
RR034H_210_serRa_S208,Vida Ahyong,2019-07-28 18:46:13 -0700,COMPLETE,3450.0,164002,8406,5.126,7378,1.0,78.577,9.43,145582,144844,114394,12136,serum,RNA,"Toamasina, Madagascar",Human,""
RR034H_211_serRa_S209,Vida Ahyong,2019-07-28 18:46:13 -0700,COMPLETE,3204.0,270954,8,0.003,160,1.0,75.662,1.27,37382,36316,28284,22318,whole blood,RNA,"Toliara, Madagascar",Human,""
RR034H_212_serRa_S210,Vida Ahyong,2019-07-28 18:46:13 -0700,COMPLETE,3410.0,8714834,7658,0.088,1535796,1.0,50.834,4.1,512480,512298,260514,63588,serum,RNA,"Antsiranana, Madagascar",Human,""
RR034H_213_serRa_S211,Vida Ahyong,2019-07-28 18:46:13 -0700,COMPLETE,3361.0,5583390,11012,0.197,5310830,1.0,46.17,4.13,187796,187668,86706,21002,serum,RNA,"Antsiranana, Madagascar",Human,""
RR034H_214_serRa_S212,Vida Ahyong,2019-07-28 18:46:13 -0700,COMPLETE,3093.0,1589942,4556,0.287,1413222,1.0,49.742,4.8,85814,85608,42686,8884,serum,RNA,"Antsiranana, Madagascar",Human,""
RR034H_215_serRa_S213,Vida Ahyong,2019-07-28 18:46:14 -0700,COMPLETE,3415.0,4433972,10720,0.242,4258444,1.0,46.543,3.81,166376,166298,77436,20298,serum,RNA,"Toamasina, Madagascar",Human,""
RR034H_216_serRa_S214,Vida Ahyong,2019-07-28 18:46:14 -0700,COMPLETE,3330.0,135400,6446,4.761,244,1.0,80.816,12.13,131232,130698,106056,8742,serum,RNA,"Toamasina, Madagascar",Human,""
RR034H_217_serRa_S215,Vida Ahyong,2019-07-28 18:46:14 -0700,COMPLETE,3205.0,218586,8,0.004,332,1.0,74.742,1.18,27880,27058,20838,17728,whole blood,RNA,"Toliara, Madagascar",Human,""
RR034H_218_serRa_S216,Vida Ahyong,2019-07-28 18:46:14 -0700,COMPLETE,3440.0,5595648,12426,0.222,5344362,1.0,44.889,4.43,240538,240032,107974,24364,serum,RNA,"Toamasina, Madagascar",Human,""
RR034H_219_serRa_S217,Vida Ahyong,2019-07-28 18:46:14 -0700,COMPLETE,3548.0,4162248,10092,0.242,3964892,1.0,44.376,4.3,185386,185288,82266,19122,water,RNA,"Antananarivo, Madagascar",Human,""
RR034H_220_serRa_S218,Vida Ahyong,2019-07-28 18:46:14 -0700,COMPLETE,3241.0,5486922,13980,0.255,5206112,1.0,41.469,3.65,231306,230886,95920,26258,serum,RNA,"Toamasina, Madagascar",Human,""
RR034H_221_serRa_S219,Vida Ahyong,2019-07-28 18:46:14 -0700,COMPLETE,3426.0,7528286,14962,0.199,7194704,1.0,40.323,4.15,297002,296830,119760,28876,serum,RNA,"Toamasina, Madagascar",Human,""
RR034H_222_serRa_S220,Vida Ahyong,2019-07-28 18:46:14 -0700,COMPLETE,3112.0,3651692,9378,0.257,3473542,1.0,40.768,3.62,164162,164036,66926,18496,serum,RNA,"Toamasina, Madagascar",Human,""
RR034H_223_serRa_S221,Vida Ahyong,2019-07-28 18:46:14 -0700,COMPLETE,3259.0,8615080,17364,0.202,7692636,1.0,39.531,3.88,366552,366298,144900,37348,serum,RNA,"Toamasina, Madagascar",Human,""
RR034H_224_serRa_S222,Vida Ahyong,2019-07-28 18:46:14 -0700,COMPLETE,3258.0,11419170,22996,0.201,10885950,1.0,44.696,4.79,509918,509620,227914,47540,serum,RNA,"Toamasina, Madagascar",Human,""
RR034H_225_serRa_S223,Vida Ahyong,2019-07-28 18:46:15 -0700,COMPLETE,3230.0,4406768,14144,0.321,4200360,1.0,41.455,2.77,198028,197772,82092,29660,serum,RNA,"Toamasina, Madagascar",Human,""
RR034H_226_serRa_S224,Vida Ahyong,2019-07-28 18:46:15 -0700,COMPLETE,3261.0,5711966,12218,0.214,5502750,1.0,46.352,3.88,196096,195948,90894,23446,serum,RNA,"Toamasina, Madagascar",Human,""
RR034H_227_serRa_S225,Vida Ahyong,2019-07-28 18:46:15 -0700,COMPLETE,830.0,6302396,11568,0.184,6010648,1.0,41.221,4.71,264528,264308,109042,23146,serum,RNA,"Toamasina, Madagascar",Human,""
RR034H_228_serRa_S226,Vida Ahyong,2019-07-28 18:46:15 -0700,COMPLETE,5307.0,936492,461486,49.278,122,1.0,88.147,1.79,936342,936284,825354,461836,serum,RNA,"Toamasina, Madagascar",Human,""
RR034H_229_serRa_S227,Vida Ahyong,2019-07-28 18:46:15 -0700,COMPLETE,3586.0,7614750,16504,0.217,2647080,1.0,49.679,2.77,462682,462582,229858,82938,serum,RNA,"Toamasina, Madagascar",Human,""
RR034H_230_serRa_S228,Vida Ahyong,2019-07-28 18:46:15 -0700,COMPLETE,3167.0,11915456,5546,0.047,936860,1.0,57.712,1.99,1306070,1305790,753760,379104,serum,RNA,"Toamasina, Madagascar",Human,""
RR034H_231_serRa_S229,Vida Ahyong,2019-07-28 18:46:15 -0700,COMPLETE,3125.0,11726014,6728,0.057,961052,1.0,52.917,1.72,852332,852050,451028,262410,serum,RNA,"Toamasina, Madagascar",Human,""
RR034H_232_serRa_S230,Vida Ahyong,2019-07-28 18:46:15 -0700,COMPLETE,677.0,4209860,6776,0.161,3059552,1.0,53.586,3.66,241110,241046,129202,35296,serum,RNA,"Toamasina, Madagascar",Human,""
RR034H_233_serRa_S231,Vida Ahyong,2019-07-28 18:46:15 -0700,COMPLETE,2891.0,11003772,5484,0.05,834740,1.0,65.339,1.64,1874616,1874346,1224864,744852,serum,RNA,"Toamasina, Madagascar",Human,""
RR034H_234_serRa_S232,Vida Ahyong,2019-07-28 18:46:15 -0700,COMPLETE,3307.0,4118886,6942,0.169,1067328,1.0,56.037,2.03,320056,319952,179350,88386,serum,RNA,"Toamasina, Madagascar",Human,""
RR034H_235_serRa_S233,Vida Ahyong,2019-07-28 18:46:16 -0700,COMPLETE,2856.0,20480176,7580,0.037,1886620,1.0,55.178,2.73,1724018,1723734,951282,348400,serum,RNA,"Toamasina, Madagascar",Human,""
RR034H_236_serRa_S234,Vida Ahyong,2019-07-28 18:46:16 -0700,COMPLETE,2713.0,9753064,5176,0.053,685810,1.0,60.795,1.7,1689692,1689398,1027252,604998,serum,RNA,"Toamasina, Madagascar",Human,""
RR034H_237_serRa_S235,Vida Ahyong,2019-07-28 18:46:16 -0700,COMPLETE,3019.0,3927440,784,0.02,94584,1.0,54.369,1.33,257730,257688,140126,105486,serum,RNA,"Toamasina, Madagascar",Human,""
RR034H_238_serRa_S236,Vida Ahyong,2019-07-28 18:46:16 -0700,COMPLETE,3238.0,10658926,11412,0.107,4189730,1.0,53.828,3.98,770838,770568,414926,104168,serum,RNA,"Toamasina, Madagascar",Human,""
RR034H_239_serRa_S237,Vida Ahyong,2019-07-28 18:46:16 -0700,COMPLETE,3236.0,4057686,9816,0.242,3876628,1.0,45.541,4.03,165760,165654,75488,18720,serum,RNA,"Toamasina, Madagascar",Human,""
RR034H_240_serRa_S238,Vida Ahyong,2019-07-28 18:46:16 -0700,COMPLETE,5163.0,6284128,56988,0.907,4306620,1.0,60.901,3.51,551048,550780,335594,95606,serum,RNA,"Toamasina, Madagascar",Human,""
RR034H_241_serRa_S239,Vida Ahyong,2019-07-28 18:46:16 -0700,COMPLETE,3126.0,3045970,8394,0.276,2025418,1.0,55.382,2.57,242008,241868,134028,52054,serum,RNA,"Toamasina, Madagascar",Human,""
RR034H_242_serRa_S240,Vida Ahyong,2019-07-28 18:46:16 -0700,COMPLETE,3087.0,5842098,9380,0.161,3758152,1.0,49.648,4.77,283796,283668,140900,29548,serum,RNA,"Toamasina, Madagascar",Human,""
RR034H_243_serRa_S241,Vida Ahyong,2019-07-28 18:46:16 -0700,COMPLETE,2882.0,791696,4816,0.608,431570,1.0,59.662,2.1,40542,40428,24188,11536,serum,RNA,"Toamasina, Madagascar",Human,""
RR034H_244_serRa_S242,Vida Ahyong,2019-07-28 18:46:17 -0700,COMPLETE,2785.0,8697606,2974,0.034,311394,1.0,55.12,1.62,754356,754198,415804,256888,serum,RNA,"Toamasina, Madagascar",Human,""
RR034H_245_serRa_S243,Vida Ahyong,2019-07-28 18:46:17 -0700,COMPLETE,2830.0,12768922,4516,0.035,287342,1.0,62.516,1.41,1672328,1672106,1045476,740614,serum,RNA,"Toamasina, Madagascar",Human,""
RR034H_246_serRa_S244,Vida Ahyong,2019-07-28 18:46:17 -0700,COMPLETE,3003.0,1861900,16242,0.872,1178306,1.0,60.317,1.69,188568,188492,113738,67260,serum,RNA,"Toamasina, Madagascar",Human,""
RR034H_247_serRa_S245,Vida Ahyong,2019-07-28 18:46:17 -0700,COMPLETE,2732.0,4032516,3246,0.08,215986,1.0,58.22,1.29,433324,433158,252282,195944,serum,RNA,"Toamasina, Madagascar",Human,""
RR034H_248_serRa_S246,Vida Ahyong,2019-07-28 18:46:17 -0700,COMPLETE,2944.0,9758180,7092,0.073,1328586,1.0,56.551,2.22,851278,850982,481408,217166,serum,RNA,"Toamasina, Madagascar",Human,""
RR034H_249_serRa_S247,Vida Ahyong,2019-07-28 18:46:17 -0700,COMPLETE,2773.0,3430168,2234,0.065,293696,1.0,54.734,1.62,226812,226688,124144,76492,serum,RNA,"Toamasina, Madagascar",Human,""
RR034H_250_serRa_S248,Vida Ahyong,2019-07-28 18:46:17 -0700,COMPLETE,2806.0,10027982,8808,0.088,1159992,1.0,52.037,3.95,660320,660072,343612,86976,serum,RNA,"Toamasina, Madagascar",Human,""
RR034H_251_serRa_S249,Vida Ahyong,2019-07-28 18:46:17 -0700,COMPLETE,3061.0,5476582,10548,0.193,1611876,1.0,46.008,2.87,350930,350836,161456,56284,serum,RNA,"Toamasina, Madagascar",Human,""
RR034H_252_serRa_S250,Vida Ahyong,2019-07-28 18:46:17 -0700,COMPLETE,2893.0,6115334,4770,0.078,1085192,1.0,48.524,2.25,416186,415992,201952,89684,serum,RNA,"Toamasina, Madagascar",Human,""
RR034H_253_serRa_S251,Vida Ahyong,2019-07-28 18:46:17 -0700,COMPLETE,3036.0,4331508,18518,0.428,4117352,1.0,54.955,3.94,200526,200430,110200,27960,serum,RNA,"Toamasina, Madagascar",Human,""
RR034H_254_serRa_S252,Vida Ahyong,2019-07-28 18:46:18 -0700,COMPLETE,2982.0,1775042,3626,0.204,1703538,1.0,47.209,4.89,67742,67552,31980,6546,serum,RNA,"Toamasina, Madagascar",Human,""
RR034H_255_serRa_S253,Vida Ahyong,2019-07-28 18:46:18 -0700,COMPLETE,2842.0,3937186,7490,0.19,3527556,1.0,45.762,4.22,152210,152108,69654,16520,serum,RNA,"Toamasina, Madagascar",Human,""
RR034H_256_serRa_S254,Vida Ahyong,2019-07-28 18:46:18 -0700,COMPLETE,2834.0,6211738,7168,0.115,5951234,1.0,44.608,7.93,247042,246790,110200,13896,serum,RNA,"Toamasina, Madagascar",Human,""
RR034H_257_serRa_S255,Vida Ahyong,2019-07-28 18:46:18 -0700,COMPLETE,2497.0,4081304,6318,0.155,3910966,1.0,43.805,6.02,158722,158656,69528,11558,serum,RNA,"Toamasina, Madagascar",Human,""
RR034H_258_serRa_S256,Vida Ahyong,2019-07-28 18:46:18 -0700,COMPLETE,2917.0,6251022,11668,0.187,5995496,1.0,44.564,4.67,240840,240702,107328,22968,serum,RNA,"Toamasina, Madagascar",Human,""
RR034H_259_serRa_S257,Vida Ahyong,2019-07-28 18:46:18 -0700,COMPLETE,2665.0,3739958,7720,0.206,3582600,1.0,44.874,4.9,150090,149938,67352,13746,serum,RNA,"Toamasina, Madagascar",Human,""
RR034H_260_serRa_S258,Vida Ahyong,2019-07-28 18:46:18 -0700,COMPLETE,2913.0,3751244,8984,0.239,3561248,1.0,51.112,5.73,182766,182548,93416,16298,serum,RNA,"Toamasina, Madagascar",Human,""
RR034H_261_serRa_S259,Vida Ahyong,2019-07-28 18:46:18 -0700,COMPLETE,8493.0,3589316,1846844,51.454,79842,1.0,81.937,1.53,3508892,3508786,2875086,1877004,serum,RNA,"Toamasina, Madagascar",Human,""
RR034H_262_serRa_S260,Vida Ahyong,2019-07-28 18:46:18 -0700,COMPLETE,2926.0,3015054,6290,0.209,2895004,1.0,48.994,4.53,113246,113150,55484,12260,serum,RNA,"Toamasina, Madagascar",Human,""
RR034H_263_serRa_S261,Vida Ahyong,2019-07-28 18:46:18 -0700,COMPLETE,2874.0,3882698,9930,0.256,3753698,1.0,56.356,3.58,116392,116266,65594,18326,serum,RNA,"Toamasina, Madagascar",Human,""
RR034H_264_serRa_S262,Vida Ahyong,2019-07-28 18:46:19 -0700,COMPLETE,2815.0,4703156,11290,0.24,4348340,1.0,51.366,5.34,214826,214662,110348,20656,serum,RNA,"Toamasina, Madagascar",Human,""
RR034H_265_serRa_S263,Vida Ahyong,2019-07-28 18:46:19 -0700,COMPLETE,2622.0,4819726,10632,0.221,4590278,1.0,45.235,4.76,212426,212334,96090,20184,serum,RNA,"Toamasina, Madagascar",Human,""
RR034H_266_serRa_S264,Vida Ahyong,2019-07-28 18:46:19 -0700,COMPLETE,2709.0,2059222,9484,0.461,1933994,1.0,61.745,4.61,121506,121386,75024,16290,serum,RNA,"Toamasina, Madagascar",Human,""
RR034H_267_serRa_S265,Vida Ahyong,2019-07-28 18:46:19 -0700,COMPLETE,2753.0,249352,12006,4.815,100,1.0,79.262,12.2,242324,241968,192070,15746,serum,RNA,"Toamasina, Madagascar",Human,""
RR034H_268_serRa_S266,Vida Ahyong,2019-07-28 18:46:19 -0700,COMPLETE,2631.0,4145882,8892,0.214,3803488,1.0,47.358,3.97,147068,146934,69648,17528,serum,RNA,"Toamasina, Madagascar",Human,""
RR034H_269_serRa_S267,Vida Ahyong,2019-07-28 18:46:19 -0700,COMPLETE,2988.0,4523018,9822,0.217,4347348,1.0,43.354,3.73,162208,162036,70324,18838,serum,RNA,"Toamasina, Madagascar",Human,""
RR034H_270_serRa_S268,Vida Ahyong,2019-07-28 18:46:19 -0700,COMPLETE,2985.0,5053260,12690,0.251,4835462,1.0,48.158,4.03,196254,196138,94512,23456,serum,RNA,"Toamasina, Madagascar",Human,""
RR034H_271_serRa_S269,Vida Ahyong,2019-07-28 18:46:19 -0700,COMPLETE,2810.0,2534516,5136,0.203,2433652,1.0,44.63,4.3,95470,95334,42608,9898,serum,RNA,"Toamasina, Madagascar",Human,""
RR034H_272_serRa_S270,Vida Ahyong,2019-07-28 18:46:19 -0700,COMPLETE,3000.0,1342042,9996,0.745,1179336,1.0,71.219,7.03,157854,157688,112422,16000,serum,RNA,"Toamasina, Madagascar",Human,""
RR034H_273_serRa_S271,Vida Ahyong,2019-07-28 18:46:19 -0700,COMPLETE,2914.0,6960694,11744,0.169,6688606,1.0,46.725,5.41,257244,257014,120196,22216,serum,RNA,"Toamasina, Madagascar",Human,""
RR034H_274_serRa_S272,Vida Ahyong,2019-07-28 18:46:20 -0700,COMPLETE,2650.0,4816422,8578,0.178,3043814,1.0,48.7,3.38,203230,203080,98974,29288,serum,RNA,"Toamasina, Madagascar",Human,""
RR034H_275_watera_S273,Vida Ahyong,2019-07-28 18:46:20 -0700,COMPLETE,2866.0,5327956,11572,0.217,5074878,1.0,43.362,4.9,241848,241688,104870,21398,water,RNA,"Antananarivo, Madagascar",Human,""
RR034H_276_plRa_S274,Vida Ahyong,2019-07-28 18:46:20 -0700,COMPLETE,2850.0,6146600,14918,0.243,5865000,1.0,41.487,4.02,268494,268328,111390,27714,plasma,RNA,"Fianarantsoa, Madagascar",Human,""
RR034H_277_plRa_S275,Vida Ahyong,2019-07-28 18:46:20 -0700,COMPLETE,2726.0,1913156,11158,0.583,1791296,1.0,60.105,3.5,117462,117288,70600,20150,plasma,RNA,"Antananarivo, Madagascar",Human,""
RR034H_278_plRa_S276,Vida Ahyong,2019-07-28 18:46:20 -0700,COMPLETE,2933.0,2213750,10362,0.468,2082068,1.0,53.434,3.51,126856,126688,67784,19294,plasma,RNA,"Antananarivo, Madagascar",Human,""
RR034H_279_plRa_S277,Vida Ahyong,2019-07-28 18:46:20 -0700,COMPLETE,2684.0,3342552,9322,0.279,2890576,1.0,67.894,11.97,398052,397696,270254,22572,plasma,RNA,"Fianarantsoa, Madagascar",Human,""
RR034H_280_plRa_S278,Vida Ahyong,2019-07-28 18:46:20 -0700,COMPLETE,2853.0,4686224,14300,0.305,4465042,1.0,48.939,4.38,211206,211112,103362,23614,plasma,RNA,"Fianarantsoa, Madagascar",Human,""
RR034H_281_plRa_S279,Vida Ahyong,2019-07-28 18:46:20 -0700,COMPLETE,2918.0,8799186,19472,0.221,8400148,1.0,43.917,4.97,380236,380000,166988,33600,plasma,RNA,"Mahajanga, Madagascar",Human,""
RR034H_282_plRa_S280,Vida Ahyong,2019-07-28 18:46:20 -0700,COMPLETE,3075.0,597542,3214,0.538,556100,1.0,58.199,3.57,40128,39952,23354,6544,plasma,RNA,"Mahajanga, Madagascar",Human,""
RR034H_283_plRa_S281,Vida Ahyong,2019-07-28 18:46:20 -0700,COMPLETE,2823.0,6472764,15686,0.242,6205844,1.0,41.484,3.25,237978,237752,98722,30362,plasma,RNA,"Fianarantsoa, Madagascar",Human,""
RR034H_284_plRa_S282,Vida Ahyong,2019-07-28 18:46:21 -0700,COMPLETE,2686.0,2346512,11644,0.496,644512,1.0,56.74,1.28,120022,119522,68100,53242,plasma,RNA,"Fianarantsoa, Madagascar",Human,""
RR034H_285_plRa_S283,Vida Ahyong,2019-07-28 18:46:21 -0700,COMPLETE,3123.0,6156020,58124,0.944,4819300,1.0,48.743,3.89,726506,725328,354124,90952,plasma,RNA,"Toamasina, Madagascar",Human,""
RR034H_286_plRa_S284,Vida Ahyong,2019-07-28 18:46:21 -0700,COMPLETE,2923.0,7200692,17414,0.242,6867494,1.0,40.76,3.98,314282,314016,128102,32212,plasma,RNA,"Toamasina, Madagascar",Human,""
RR034H_287_plRa_S285,Vida Ahyong,2019-07-28 18:46:21 -0700,COMPLETE,2788.0,8934266,15536,0.174,8496222,1.0,42.299,5.22,387366,387132,163852,31408,plasma,RNA,"Toamasina, Madagascar",Human,""
RR034H_288_plRa_S286,Vida Ahyong,2019-07-28 18:46:21 -0700,COMPLETE,2708.0,4686480,16394,0.35,4468600,1.0,44.463,2.76,197676,197492,87892,31898,plasma,RNA,"Toamasina, Madagascar",Human,""
RR034H_289_plRa_S287,Vida Ahyong,2019-07-28 18:46:21 -0700,COMPLETE,2822.0,8309588,18822,0.227,7935758,1.0,41.355,4.04,355008,354778,146812,36350,plasma,RNA,"Toliara, Madagascar",Human,""
RR034H_290_plRa_S288,Vida Ahyong,2019-07-28 18:46:21 -0700,COMPLETE,2807.0,4515058,13316,0.295,4294504,1.0,48.386,3.87,212138,211984,102646,26510,plasma,RNA,"Toliara, Madagascar",Human,""
RR034H_291_plRa_S289,Vida Ahyong,2019-07-28 18:46:21 -0700,COMPLETE,2691.0,3964078,10474,0.264,3619010,1.0,56.568,5.19,176598,176544,99898,19242,plasma,RNA,"Fianarantsoa, Madagascar",Human,""
RR034H_292_plRa_S290,Vida Ahyong,2019-07-28 18:46:21 -0700,COMPLETE,2744.0,1231894,8128,0.66,444154,1.0,69.428,8.2,170588,170508,118436,14450,plasma,RNA,"Fianarantsoa, Madagascar",Human,""
RR034H_293_plRa_S291,Vida Ahyong,2019-07-28 18:46:22 -0700,COMPLETE,2690.0,7879710,13404,0.17,5654420,1.0,47.0,3.81,314160,313762,147654,38800,plasma,RNA,"Toamasina, Madagascar",Human,""
RR034H_294_plRa_S292,Vida Ahyong,2019-07-28 18:46:22 -0700,COMPLETE,4656.0,4039018,47102,1.166,3698356,1.0,62.569,3.44,321046,320990,200876,58418,plasma,RNA,"Toamasina, Madagascar",Human,""
RR034H_295_plRa_S293,Vida Ahyong,2019-07-28 18:46:22 -0700,COMPLETE,2631.0,4109722,8208,0.2,3878684,1.0,45.557,4.91,172276,172120,78484,15974,plasma,RNA,"Mahajanga, Madagascar",Human,""
RR034H_296_plRa_S294,Vida Ahyong,2019-07-28 18:46:22 -0700,COMPLETE,2826.0,14526646,21826,0.15,13679424,1.0,56.43,11.66,817456,816386,461288,39578,plasma,RNA,"Mahajanga, Madagascar",Human,""
RR034H_297_plRa_S295,Vida Ahyong,2019-07-28 18:46:22 -0700,COMPLETE,2462.0,3713194,10140,0.273,3569254,1.0,47.794,3.34,134850,134776,64450,19308,plasma,RNA,"Mahajanga, Madagascar",Human,""
RR034H_298_plRa_S296,Vida Ahyong,2019-07-28 18:46:22 -0700,COMPLETE,2380.0,3260268,10464,0.321,3137812,1.0,52.06,2.96,113538,113470,59108,19978,plasma,RNA,"Toliara, Madagascar",Human,""
RR034H_299_plRa_S297,Vida Ahyong,2019-07-28 18:46:22 -0700,COMPLETE,2796.0,1556336,4686,0.301,1419656,1.0,42.933,4.07,133510,131940,57320,14084,plasma,RNA,"Toliara, Madagascar",Human,""
RR034H_300_plRa_S298,Vida Ahyong,2019-07-28 18:46:22 -0700,COMPLETE,2474.0,5727650,1924,0.034,47086,1.0,52.884,2.44,397792,397692,210370,86364,plasma,RNA,"Antsiranana, Madagascar",Human,""
RR034H_301_plRa_S299,Vida Ahyong,2019-07-28 18:46:22 -0700,COMPLETE,2369.0,9524060,12088,0.127,6324156,1.0,50.499,4.76,410634,410488,207366,43574,plasma,RNA,"Antsiranana, Madagascar",Human,""
RR034H_302_plRa_S300,Vida Ahyong,2019-07-28 18:46:22 -0700,COMPLETE,2488.0,5534074,10668,0.193,5310372,1.0,46.778,4.44,206256,206136,96482,21734,plasma,RNA,"Antananarivo, Madagascar",Human,""
RR034H_303_plRa_S301,Vida Ahyong,2019-07-28 18:46:23 -0700,COMPLETE,2377.0,3098906,4964,0.16,2935026,1.0,43.471,5.39,109544,109506,47620,8828,plasma,RNA,"Antananarivo, Madagascar",Human,""
RR034H_304_plRa_S302,Vida Ahyong,2019-07-28 18:46:23 -0700,COMPLETE,2539.0,257206,2,0.001,62,1.0,76.092,1.16,20604,20344,15678,13574,serum,RNA,"Toamasina, Madagascar",Human,""
RR034H_304_serRa_S303,Vida Ahyong,2019-07-28 18:46:23 -0700,COMPLETE,2449.0,2529002,8338,0.33,2407334,1.0,51.171,3.71,110290,110212,56436,15208,serum,RNA,"Toamasina, Madagascar",Human,""
RR034H_305_plRa_S304,Vida Ahyong,2019-07-28 18:46:23 -0700,COMPLETE,2540.0,4011404,4104,0.102,0,1.0,45.715,2.4,800766,798856,366068,152840,serum,RNA,"Toamasina, Madagascar",Human,""
RR034H_305_serRa_S305,Vida Ahyong,2019-07-28 18:46:23 -0700,COMPLETE,2365.0,1286994,6204,0.482,1141382,1.0,65.726,7.23,128950,127048,84754,11722,serum,RNA,"Toamasina, Madagascar",Human,""
RR034H_306_plRa_S306,Vida Ahyong,2019-07-28 18:46:23 -0700,COMPLETE,2663.0,881690,36924,4.188,63106,1.0,78.618,12.2,653868,653414,514058,42140,serum,RNA,"Toamasina, Madagascar",Human,""
RR034H_306_serRa_S307,Vida Ahyong,2019-07-28 18:46:23 -0700,COMPLETE,2859.0,3958324,12556,0.317,3767186,1.0,41.441,2.96,178036,177866,73780,24934,serum,RNA,"Toamasina, Madagascar",Human,""
RR034H_307_serRa_S308,Vida Ahyong,2019-07-28 18:46:23 -0700,COMPLETE,872.0,1236724,6924,0.56,1168850,1.0,43.508,2.04,62462,62312,27176,13344,serum,RNA,"Toamasina, Madagascar",Human,""
RR034H_308_serRa_S309,Vida Ahyong,2019-07-28 18:46:23 -0700,COMPLETE,2652.0,4323132,13970,0.323,4123526,1.0,44.022,2.74,188942,188738,83176,30388,serum,RNA,"Toamasina, Madagascar",Human,""
RR034H_309_serRa_S310,Vida Ahyong,2019-07-28 18:46:23 -0700,COMPLETE,2484.0,3283906,11052,0.337,3119204,1.0,34.931,2.42,157962,157762,55178,22816,serum,RNA,"Toamasina, Madagascar",Human,""
RR034H_310_serRa_S311,Vida Ahyong,2019-07-28 18:46:24 -0700,COMPLETE,2518.0,5526988,16530,0.299,5251356,1.0,45.612,3.69,264420,264118,120606,32656,serum,RNA,"Toamasina, Madagascar",Human,""
RR034H_311_serRa_S312,Vida Ahyong,2019-07-28 18:46:24 -0700,COMPLETE,2482.0,853662,5226,0.612,811218,1.0,51.293,1.84,39608,39306,20316,11018,serum,RNA,"Toamasina, Madagascar",Human,""
RR034H_312_serRa_S313,Vida Ahyong,2019-07-28 18:46:24 -0700,COMPLETE,4879.0,4649106,65526,1.409,4206332,1.0,68.251,3.73,427326,427108,291654,78272,serum,RNA,"Toamasina, Madagascar",Human,""
RR034H_313_serRa_S314,Vida Ahyong,2019-07-28 18:46:24 -0700,COMPLETE,2362.0,2859744,8974,0.314,2669116,1.0,44.222,3.37,182778,181442,80828,23950,serum,RNA,"Toamasina, Madagascar",Human,""
RR034H_314_HeLaa_S315,Vida Ahyong,2019-07-28 18:46:24 -0700,COMPLETE,2543.0,3096734,8146,0.263,2926516,1.0,48.3,4.18,142294,142226,68728,16430,water,RNA,"California, USA",Human,""
RR034H_315_HeLaa_S316,Vida Ahyong,2019-07-28 18:46:24 -0700,COMPLETE,2454.0,539298,5114,0.948,396972,1.0,70.131,9.88,128770,128352,90308,9142,water,RNA,"California, USA",Human,""
RR034H_316_HeLaa_S317,Vida Ahyong,2019-07-28 18:46:24 -0700,COMPLETE,2583.0,7693610,17116,0.222,6964670,1.0,49.884,3.85,300980,300416,150142,38952,water,RNA,"California, USA",Human,""
RR034H_317_HeLaa_S318,Vida Ahyong,2019-07-28 18:46:24 -0700,COMPLETE,2459.0,6127630,7940,0.13,5096306,1.0,45.004,6.66,262666,262592,118210,17746,water,RNA,"California, USA",Human,""
RR034H_318_HeLaa_S319,Vida Ahyong,2019-07-28 18:46:24 -0700,COMPLETE,2369.0,1746574,5714,0.327,1284980,1.0,55.169,3.74,81720,81680,45084,12064,water,RNA,"California, USA",Human,""
RR034H_319_HeLaa_S320,Vida Ahyong,2019-07-28 18:46:24 -0700,COMPLETE,2544.0,8501244,10610,0.125,4655416,1.0,46.01,4.57,268350,267980,123468,27030,water,RNA,"California, USA",Human,""
RR034H_320_HeLaa_S321,Vida Ahyong,2019-07-28 18:46:25 -0700,COMPLETE,677.0,3815042,7788,0.204,1580978,1.0,49.163,1.96,103760,103332,51012,26034,water,RNA,"California, USA",Human,""
RR034H_321_HeLaa_S322,Vida Ahyong,2019-07-28 18:46:25 -0700,COMPLETE,2344.0,1872674,3606,0.193,406154,1.0,48.68,1.24,49758,48894,24222,19556,water,RNA,"California, USA",Human,""
